Item,Qty,References,Value,Package,Description,Audio path,Manufacturer,MPN,DigiKey,Mouser,LCSC,Notes
1,12,"C1,C2,C3,C4,C5,C6,C7,C11,C17,C40,C41,C53",100nF,0805,"MLCC X7R 50V","C6/C40/C41 yes, rest decoupling/bias",KEMET,C0805C104K5RACTU,399-C0805C104K5RACTUCT-ND,search MPN,C1711 (Samsung CL21B104KBCNNNC),"50V rating kept for the audio positions"
2,10,"C8,C9,C27,C28,C29,C30,C31,C32,C47,C48",220nF,0805,"MLCC X7R 50V",yes — input/output coupling,KEMET,C0805C224K5RACTU,399-C0805C224K5RACTUCT-ND,search MPN,C5378 (Samsung CL21B224KBFNNNE),"Audio coupling: use 50V X7R; never Y5V/X5R here"
3,10,"C18,C19,C20,C21,C23,C24,C25,C26,C38,C39",10nF,0805,"MLCC C0G/NP0 50V","C38/C39 yes (amp feedback), rest joystick timing",KEMET,C0805C103J5GACTU,399-C0805C103J5GACTUCT-ND,search MPN,C63849 (FH 0805CG103J500NT),"C0G for joystick timing stability and amp feedback linearity"
4,3,"C10,C33,C46",1nF,0805,"MLCC C0G/NP0 50V","C10/C33 yes (codec input filters)",KEMET,C0805C102J5GACTU,399-C0805C102J5GACTUCT-ND,search MPN,C1791 (Samsung CL21C102JBCNNNC),
5,1,C22,150pF,0805,"MLCC C0G/NP0 50V",no — VCC filter,KEMET,C0805C151J5GACTU,399-C0805C151J5GACTUCT-ND,search MPN,search 0805CG151J500NT (FH),"Not Google-indexed at LCSC; search on site"
6,2,"C15,C16",10pF,0805,"MLCC C0G/NP0 50V",no — crystal load,KEMET,C0805C100J5GACTU,399-C0805C100J5GAC7800CT-ND,search MPN,C123640 (Walsin 0805N100J500CT),
7,5,"C12,C13,C50,C51,C52",10uF,0805,"MLCC X5R 25V",no — supply bulk / mic-bias filter,TDK,C2012X5R1E106K085AC,445-14387-1-ND,search MPN,C15850 (Samsung CL21A106KAYNNNE),"Samsung CL21A106KAYNNNE was 0-stock at DigiKey (restock ~2026-10) but is the LCSC pick; TDK part is the in-stock DigiKey equivalent"
8,2,"C36,C37",10uF,"radial 5mm p2, THT","Aluminum electrolytic 50/63V",yes — line-out coupling,Rubycon,63PX10MEFC5X11,1189-1474-ND,647-UFG1H100MDM (Nichicon FG),C1579840 (Nichicon UFG1H100MDM),"Kept THT (audio path). Nichicon Muse FG UFG1H100MDM is obsolete at DigiKey but still at LCSC/Mouser; Rubycon PX is the in-stock DigiKey sub (5x11mm 2mm pitch)"
9,2,"C14,C43",47uF,"radial 5mm p2, THT","Aluminum electrolytic 25V",partly — VREF/bias filters,Rubycon,25PK47MEFC5X11,1189-25PK47MEFC5X11-ND,search UFW1E470MDD,C22320 (Chengx 16V),"Nichicon FW UFW1E470MDD is obsolete at DigiKey; Rubycon PK is the in-stock sub (5x11mm 2mm pitch)"
10,1,C42,100uF,"radial 5mm p2, THT","Aluminum electrolytic 16V",no — amp supply bulk,Nichicon,UVR1C101MDD1TA,493-6095-1-ND,search MPN,C2960196 (HRK CD110 16V),"1439 left / obsolete-once-depleted at DigiKey; backup Panasonic ECA-1CM101 (12750 in stock)"
11,2,"C34,C35",470uF,"radial 8mm p3.5, THT","Aluminum electrolytic 16V",yes — speaker-out coupling,Panasonic,ECA-1CM471,P5141-ND,search MPN,C43823 (Chengx GR477M016F12RR0VL4FP0),"8x11.5mm 3.5mm pitch confirmed"
12,10,"L1,L2,L3,L4,L5,L6,L7,L8,L9,L12",BLM21PG331SN1D,0805,"Ferrite bead 330R@100MHz 1.5A",bead in audio/supply filtering,Murata,BLM21PG331SN1D,490-5988-1-ND,stocked (search MPN),C74764,"Board previously said BH1D (real Murata PN but not distributor-stocked); SN1D is the same 330R spec and stocked. L1-L3 were axial Fair-Rite beads, now same 0805 bead"
13,2,"L10,L11",MPZ2012S601AT000,0805,"Ferrite bead 600R@100MHz 2A",yes — speaker output lines,TDK,MPZ2012S601AT000,445-MPZ2012S601AT000CT-ND,search MPN,C1017 (Sunlord GZ2012D601TF 500mA),"RECOMMENDED over the original Wurth 742792093 (2.2k@100MHz but only 200mA - marginal vs ~350mA speaker peaks). Original Wurth: DigiKey 732-1609-1-ND if you want to match rev 1.2 exactly"
14,2,"R28,R29",2.7R,0805,"Thick film 1%",yes — amp Zobel/snubber,Yageo,RC0805FR-072R7L,13-RC0805FR-072R7LCT-ND,search MPN,C137450 (RC0805JR-072R7L 5%),"5% fine in this position"
15,4,"R14,R15,R16,R17",1k,0805,"Thick film 1%",no,Yageo,RC0805FR-071KL,311-1.00KCRCT-ND,search MPN,C17513 (UNI-ROYAL 0805W8F1001T5E),
16,10,"R3,R4,R5,R6,R8,R9,R10,R11,R12,R13",2.2k,0805,"Thick film 1%",no — joystick/MIDI,Yageo,RC0805FR-072K2L,311-2.20KCRCT-ND,search MPN,C17520 (UNI-ROYAL 0805W8F2201T5E),
17,2,"R1,R2",7.5k,0805,"Thick film 1%",no — mic bias,Yageo,RC0805FR-077K5L,311-7.50KCRCT-ND,search MPN,C17807 (UNI-ROYAL 0805W8F7501T5E),
18,3,"R7,R32,R33",10k,0805,"Thick film 1%","R32/R33 yes (amp input bias)",Yageo,RC0805FR-0710KL,311-10.0KCRCT-ND,search MPN,C17414 (UNI-ROYAL 0805W8F1002T5E),
19,2,"R30,R31",15k,0805,"Thick film 1%",yes — amp input series,Yageo,RC0805FR-0715KL,311-15.0KCRCT-ND,search MPN,C17475 (UNI-ROYAL 0805W8F1502T5E),
20,1,R18,22k,0805,"Thick film 1%",no — MCLK pulldown,Yageo,RC0805FR-0722KL,311-22.0KCRCT-ND,search MPN,C17560 (UNI-ROYAL 0805W8F2202T5E),
21,2,"R22,R23",33k,0805,"Thick film 1%",yes — amp gain set,Yageo,RC0805FR-0733KL,311-33.0KCRCT-ND,search MPN,C17633 (UNI-ROYAL 0805W8F3302T5E),
22,4,"R24,R25,R26,R27",820k,0805,"Thick film 1%",yes — amp feedback,Yageo,RC0805FR-07820KL,311-820KCRCT-ND,search MPN,C50136 (UNI-ROYAL; restocked 23k pcs),"LCSC alternates: C2771112, C7431038 (thin film 0.1%)"
23,4,"R34,R35,R36,R37",1M,0805,"Thick film 1%",no — joystick bleed,Yageo,RC0805FR-071ML,311-1.00MCRCT-ND,search MPN,C17514 (UNI-ROYAL 0805W8F1004T5E),
24,1,U1,L78L05,SOT-89,"5V 100mA linear regulator",no,STMicroelectronics,L78L05ABUTR,497-1181-1-ND,stocked (search MPN),C42738,"Converted from TO-92; pin functions identical (1=OUT 2=GND 3=IN)"
25,1,U2,74LS138,SOIC-16,"3-to-8 line decoder",no,Texas Instruments,SN74LS138D,296-3648-5-ND (direct; avoid Marketplace listing),search MPN,C5965 (Nexperia 74HCT138D. 653),"Cut tape SN74LS138DR = 296-14883-1-ND. 74HCT138D is a drop-in modern alternative; LCSC only stocks the HCT"
26,1,U4,93LC66,SOIC-8,"4kbit Microwire EEPROM",no,Microchip,93AA66C-I/SN,93AA66C-I/SN-ND (3283 pcs),search MPN,C153277 (93AA66C-I/SN),"ORG pin is tied to GND on this board (x8 org) so an ORG-selectable C-variant is REQUIRED - never 93LC66A/B (fixed org). 93AA66C works fine at 5V and has the deepest stock; 93LC66C-I/SN (93LC66C-I/SN-ND, 410 pcs) and DIP 93LC66C-I/P (340 pcs) also work"
27,1,U3,ES1868F,LQFP-100,"ESS AudioDrive sound chip",yes,ESS Technology,ES1868F,not stocked,not stocked,not stocked,"NOS only: UTsource ~$16 / AliExpress ~$4-8 / donor card ($38-50 on eBay). Buy a spare - broker authenticity unverified. FALLBACK: ES1869F fits this PCB (verified pin diff; leave JP1 OPEN - pin 25 becomes MONO_OUT; pin 26 gets 5V on muted MONO_IN - community-tolerated; use ES1868 drivers under Windows). See BOM_smd.md"
28,1,U7,LM1877,DIP-14 (THT),"Dual 2W audio power amplifier",yes,National/TI,LM1877N-9,OBSOLETE - not stocked,OBSOLETE - not stocked,not stocked,"NOS still cheap and findable: Quest Components (18 pcs @ $14 - verified NSC stock) / Jameco #23288 $3.35 (house brand) / UTsource $2.18 / eBay singles. Rochester has none. Fit a DIP-14 socket. Redesign option: 2x TI LM386N-4 (active - see BOM_smd.md)"
29,1,Y1,14.31818MHz,"HC-49/US THT","Crystal, 18-20pF load",no,ECS,ECS-143-20-4X,X1081-ND (10892 pcs),search MPN,C2206 (YXC X49SD1431818MSD2SC 20pF),"First-party in-stock pick (20pF). 18pF alternative: Abracon ABLS-14.31818MHZ-B4-T = 535-10222-1-ND (772 pcs, direct). Footprint is horizontal-mount with case-ground pad"
30,3,"J1,J2,J7","LINE IN / LINE OUT / SPKR OUT","3.5mm TRS jack THT","Stereo audio jack, 3-pin",yes,Same Sky (CUI),SJ1-3553NG,CP1-3553NG-ND (0 stock; restock ~2026-10-12),search MPN,no compatible part,"Long-bushing version per author's docs (clears bracket). IN-STOCK alternatives: SJ1-3523N = CP1-3523N-ND (233k pcs) short bushing; SJ1-3533N = CP1-3533N-ND (11k pcs); Kycon STX-3100-3C = 2092-STX-3100-3C-ND (1883 pcs). LCSC PJ325 is 5-pin and NOT footprint-compatible"
31,1,J3,Joystick/MIDI,"DA-15 female right-angle THT","Gameport D-sub",no,NorComp,182-015-213R531,182-15FE-ND,152-3415 (Kobiconn),C77835 (CONNFLY DS1037-15FNAKT74-0CC),"Verify mounting-hole pattern against the 152-3415 drawing in docs/"
32,1,J5,Wavetable,"2x13 pin header 2.54mm",Wavetable daughterboard header,no,Sullins,PRPC013DAAN-RC,35-PRPC013DAAN-RC-ND,search MPN,C2333 (cut 2x40 breakaway),
33,1,J10,Vol. Btns,"2x3 pin header 2.54mm",Volume buttons header,no,Sullins,PRPC003DAAN-RC,35-PRPC003DAAN-RC-ND,search MPN,C65114 (BOOMELE THT),
34,1,J9,AUX_A,"1x3 pin header 2.54mm",Aux in header,yes — carries audio,Sullins,PRPC003SAAN-RC,35-PRPC003SAAN-RC-ND,search MPN,C49257 (BOOMELE),
35,1,J8,MIC IN,"1x2 right-angle header 2.54mm",Microphone header,yes — carries audio,Sullins,PRPC040SBAN-M71RC (snap off 2 pins),S1111EC-40-ND,search MPN,C2334 (BOOMELE 1x40 RA strip),"Dedicated 1x2 RA (PRPC002SBCN-M71RC) is 0-stock; break-away strip covers it"
36,1,bracket,ISA bracket,hardware,"PC slot bracket with DA-15 cutout",no,Keystone,9200-3,36-9200-3-ND,534-9200-3 (search 9200-3),not stocked,"docs/ also references Keystone 9204-1. Bracket has only the DA-15 cutout - the 3.5mm jack holes must be drilled/punched or a custom bracket used"
37,1,"(optional) U7 socket",DIP-14 socket,THT,"IC socket for LM1877",no,generic,DIP-14 socket,search,search,search,"Recommended given LM1877 scarcity"
38,-,"JP1-JP8, J11","solder jumpers / ISA edge",PCB,part of the PCB - nothing to buy,,,,,,,
